<?xml version="1.0" encoding="UTF-8" standalone="yes" ?><cp:coreProperties xmlns:cp="http://schemas.openxmlformats.org/package/2006/metadata/core-properties" xmlns:dc="http://purl.org/dc/elements/1.1/" xmlns:dcmitype="http://purl.org/dc/dcmitype/" xmlns:dcterms="http://purl.org/dc/terms/" xmlns:xsi="http://www.w3.org/2001/XMLSchema-instance"><cp:category>Model</cp:category><dcterms:created xsi:type="dcterms:W3CDTF">2017-01-27T00:37:49Z</dcterms:created><dc:creator>alexismitchnick</dc:creator><cp:lastModifiedBy>Alan</cp:lastModifiedBy><dcterms:modified xsi:type="dcterms:W3CDTF">2018-02-04T17:52:47Z</dcterms:modified><cp:revision>1.34</cp:revision><cp:version>R2016b</cp:version></cp:coreProperties>