<?xml version="1.0" encoding="utf-8"?>
<Stateflow>
  <machine id="8">
    <P Name="created">02-Apr-2017 14:26:55</P>
    <P Name="isLibrary">0</P>
    <P Name="sfVersion">80000010</P>
    <Children>
      <target id="26" name="sfun">
        <P Name="description">Default Simulink S-Function Target.</P>
      </target>
      <chart id="9">
        <P Name="name">Pressure, Temp, Density</P>
        <P Name="windowPosition">[422 539.941 189 413]</P>
        <P Name="viewLimits">[0 156.75 0 153.75]</P>
        <P Name="screen">[1 1 3600 1200 1.180555555555556]</P>
        <P Name="viewObj">9</P>
        <P Name="ssIdHighWaterMark">7</P>
        <P Name="decomposition">CLUSTER_CHART</P>
        <P Name="type">EML_CHART</P>
        <P Name="chartFileNumber">1</P>
        <P Name="disableImplicitCasting">1</P>
        <eml>
          <P Name="name">getTPD</P>
        </eml>
        <Children>
          <state SSID="1">
            <P Name="labelString">eML_blk_kernel()</P>
            <P Name="position">[18 64.5 118 66]</P>
            <P Name="fontSize">12</P>
            <P Name="superState">SUBCHART</P>
            <P Name="subviewer">9</P>
            <P Name="type">FUNC_STATE</P>
            <P Name="decomposition">CLUSTER_STATE</P>
            <eml>
              <P Name="isEML">1</P>
              <P Name="script">function [t,p,d] = getTPD(alt)
    if alt &lt;= 11000
        t = 15.04 - 0.00649*alt;
        p = 101.29 * ((t + 273.1)/288.08)^5.256;
    elseif (11000 &lt; alt) &amp;&amp; (alt &lt;= 25000)
        t = -56.46;
        p = 22.65 * exp(1.73 - 0.000157*alt);
    else
        t = -131.21 + 0.00299*alt;
        p = 2.488 * ((t + 273.1)/216.6)^(-11.38);
    end
    d = p/(0.2869 * (t + 273.1));
end</P>
              <P Name="editorLayout" Class="double">Matrix(4,1)
[10.0, 5.0, 700.0, 500.0]</P>
            </eml>
          </state>
          <data SSID="4" name="alt">
            <P Name="scope">INPUT_DATA</P>
            <props>
              <array>
                <P Name="size">-1</P>
              </array>
              <type>
                <P Name="method">SF_INHERITED_TYPE</P>
                <P Name="primitive">SF_DOUBLE_TYPE</P>
              </type>
              <P Name="complexity">SF_COMPLEX_INHERITED</P>
              <unit>
                <P Name="name">inherit</P>
              </unit>
            </props>
            <P Name="dataType">Inherit: Same as Simulink</P>
          </data>
          <data SSID="5" name="t">
            <P Name="scope">OUTPUT_DATA</P>
            <props>
              <array>
                <P Name="size">-1</P>
              </array>
              <type>
                <P Name="method">SF_INHERITED_TYPE</P>
                <P Name="primitive">SF_DOUBLE_TYPE</P>
              </type>
              <P Name="complexity">SF_COMPLEX_INHERITED</P>
              <P Name="frame">SF_FRAME_NO</P>
              <unit>
                <P Name="name">inherit</P>
              </unit>
            </props>
            <P Name="dataType">Inherit: Same as Simulink</P>
          </data>
          <data SSID="6" name="p">
            <P Name="scope">OUTPUT_DATA</P>
            <props>
              <array>
                <P Name="size">-1</P>
              </array>
              <type>
                <P Name="method">SF_INHERITED_TYPE</P>
                <P Name="primitive">SF_DOUBLE_TYPE</P>
                <P Name="isSigned">1</P>
                <P Name="wordLength">16</P>
              </type>
              <P Name="complexity">SF_COMPLEX_INHERITED</P>
              <P Name="frame">SF_FRAME_NO</P>
              <unit>
                <P Name="name">inherit</P>
              </unit>
            </props>
            <P Name="dataType">Inherit: Same as Simulink</P>
          </data>
          <data SSID="7" name="d">
            <P Name="scope">OUTPUT_DATA</P>
            <props>
              <array>
                <P Name="size">-1</P>
              </array>
              <type>
                <P Name="method">SF_INHERITED_TYPE</P>
                <P Name="primitive">SF_DOUBLE_TYPE</P>
                <P Name="isSigned">1</P>
                <P Name="wordLength">16</P>
              </type>
              <P Name="complexity">SF_COMPLEX_INHERITED</P>
              <P Name="frame">SF_FRAME_NO</P>
              <unit>
                <P Name="name">inherit</P>
              </unit>
            </props>
            <P Name="dataType">Inherit: Same as Simulink</P>
          </data>
          <transition SSID="2">
            <P Name="labelString">{eML_blk_kernel();}</P>
            <P Name="labelPosition">[28.125 13.875 102.544 14.964]</P>
            <P Name="fontSize">12</P>
            <src>
              <P Name="intersection">[0 0 1 0 23.5747 14.625 0 0]</P>
            </src>
            <dst>
              <P Name="SSID">3</P>
              <P Name="intersection">[1 0 -1 0 23.5747 42.5747 0 0]</P>
            </dst>
            <P Name="midPoint">[23.5747 24.9468]</P>
            <P Name="dataLimits">[21.175 25.975 14.625 42.575]</P>
            <P Name="subviewer">9</P>
            <P Name="drawStyle">SMART</P>
            <slide>
              <P Name="sticky">BOTH_STICK</P>
            </slide>
            <P Name="executionOrder">1</P>
          </transition>
          <junction SSID="3">
            <P Name="position">[23.5747 49.5747 7]</P>
            <P Name="subviewer">9</P>
            <P Name="type">CONNECTIVE_JUNCTION</P>
          </junction>
        </Children>
      </chart>
      <chart id="18">
        <P Name="name">Volume</P>
        <P Name="windowPosition">[422 539.941 189 413]</P>
        <P Name="viewLimits">[0 156.75 0 153.75]</P>
        <P Name="screen">[1 1 3600 1200 1.180555555555556]</P>
        <P Name="viewObj">18</P>
        <P Name="ssIdHighWaterMark">6</P>
        <P Name="decomposition">CLUSTER_CHART</P>
        <P Name="type">EML_CHART</P>
        <P Name="chartFileNumber">2</P>
        <P Name="disableImplicitCasting">1</P>
        <eml>
          <P Name="name">fcn</P>
        </eml>
        <Children>
          <state SSID="1">
            <P Name="labelString">eML_blk_kernel()</P>
            <P Name="position">[18 64.5 118 66]</P>
            <P Name="fontSize">12</P>
            <P Name="superState">SUBCHART</P>
            <P Name="subviewer">18</P>
            <P Name="type">FUNC_STATE</P>
            <P Name="decomposition">CLUSTER_STATE</P>
            <eml>
              <P Name="isEML">1</P>
              <P Name="script">function V = fcn(P,T)
mHe = 1.24;
R = 2.0769;

V = (mHe*R*(T+273))/P;</P>
              <P Name="editorLayout" Class="double">Matrix(4,1)
[10.0, 5.0, 700.0, 500.0]</P>
            </eml>
          </state>
          <data SSID="4" name="P">
            <P Name="scope">INPUT_DATA</P>
            <props>
              <array>
                <P Name="size">-1</P>
              </array>
              <type>
                <P Name="method">SF_INHERITED_TYPE</P>
                <P Name="primitive">SF_DOUBLE_TYPE</P>
              </type>
              <P Name="complexity">SF_COMPLEX_INHERITED</P>
              <unit>
                <P Name="name">inherit</P>
              </unit>
            </props>
            <P Name="dataType">Inherit: Same as Simulink</P>
          </data>
          <data SSID="5" name="V">
            <P Name="scope">OUTPUT_DATA</P>
            <props>
              <array>
                <P Name="size">-1</P>
              </array>
              <type>
                <P Name="method">SF_INHERITED_TYPE</P>
                <P Name="primitive">SF_DOUBLE_TYPE</P>
              </type>
              <P Name="complexity">SF_COMPLEX_INHERITED</P>
              <P Name="frame">SF_FRAME_NO</P>
              <unit>
                <P Name="name">inherit</P>
              </unit>
            </props>
            <P Name="dataType">Inherit: Same as Simulink</P>
          </data>
          <data SSID="6" name="T">
            <P Name="scope">INPUT_DATA</P>
            <props>
              <array>
                <P Name="size">-1</P>
              </array>
              <type>
                <P Name="method">SF_INHERITED_TYPE</P>
                <P Name="primitive">SF_DOUBLE_TYPE</P>
                <P Name="isSigned">1</P>
                <P Name="wordLength">16</P>
              </type>
              <P Name="complexity">SF_COMPLEX_INHERITED</P>
              <P Name="frame">SF_FRAME_INHERITED</P>
              <unit>
                <P Name="name">inherit</P>
              </unit>
            </props>
            <P Name="dataType">Inherit: Same as Simulink</P>
          </data>
          <transition SSID="2">
            <P Name="labelString">{eML_blk_kernel();}</P>
            <P Name="labelPosition">[28.125 13.875 102.544 14.964]</P>
            <P Name="fontSize">12</P>
            <src>
              <P Name="intersection">[0 0 1 0 23.5747 14.625 0 0]</P>
            </src>
            <dst>
              <P Name="SSID">3</P>
              <P Name="intersection">[1 0 -1 0 23.5747 42.5747 0 0]</P>
            </dst>
            <P Name="midPoint">[23.5747 24.9468]</P>
            <P Name="dataLimits">[21.175 25.975 14.625 42.575]</P>
            <P Name="subviewer">18</P>
            <P Name="drawStyle">SMART</P>
            <slide>
              <P Name="sticky">BOTH_STICK</P>
            </slide>
            <P Name="executionOrder">1</P>
          </transition>
          <junction SSID="3">
            <P Name="position">[23.5747 49.5747 7]</P>
            <P Name="subviewer">18</P>
            <P Name="type">CONNECTIVE_JUNCTION</P>
          </junction>
        </Children>
      </chart>
    </Children>
  </machine>
  <instance id="17">
    <P Name="machine">8</P>
    <P Name="name">Pressure, Temp, Density</P>
    <P Name="chart">9</P>
  </instance>
  <instance id="25">
    <P Name="machine">8</P>
    <P Name="name">Volume</P>
    <P Name="chart">18</P>
  </instance>
</Stateflow>
